year,sex,age,value
2022,both,40,445.8551
2022,both,41,439.2104
2022,both,42,437.0601
2022,both,43,419.0217
2022,both,44,409.4785
2022,both,45,404.1418
2022,both,46,390.2059
2022,both,47,394.2391
2022,both,48,386.5398
2022,both,49,391.5707
2022,both,50,410.3259
2022,both,51,434.5925
2022,both,52,427.5317
2022,both,53,411.2903
2022,both,54,402.2705
2022,both,55,403.4118
2022,both,56,409.1067
2022,both,57,424.6247
2022,both,58,434.4195
2022,both,59,434.2482
2022,both,60,435.3
2022,both,61,434.0009
2022,both,62,425.7245
2022,both,63,417.0981
2022,both,64,412.8688
2022,both,65,404.7188
2022,both,66,386.2354
2022,both,67,376.6096
2022,both,68,362.4895
2022,both,69,346.5628
2022,both,70,332.7116
2022,both,71,315.9661
2022,both,72,300.3225
2022,both,73,291.0429
2022,both,74,283.3248
2022,both,75,296.8184
2022,both,76,208.4065
2022,both,77,198.3209
2022,both,78,191.082
2022,both,79,190.8049
2022,both,80,161.1599
2022,both,81,142.4412
2022,both,82,128.2628
2022,both,83,116.908
2022,both,84,106.944
2022,both,85,93.133
2022,both,86,83.6902
2022,both,87,74.7466
2022,both,88,62.3651
2022,both,89,55.7023
2022,both,90,48.457
2022,both,91,41.5163
2022,both,92,34.9548
2022,both,93,27.9592
2022,both,94,22.7529
2022,both,95,17.7396
2022,both,96,13.2035
2022,both,97,9.9173
2022,both,98,7.0303
2022,both,99,4.8372
2022,both,100,7.8805
2023,both,40,450.5293627
2023,both,41,443.8150009
2023,both,42,441.6421576
2023,both,43,423.4146463
2023,both,44,413.7713971
2023,both,45,409.6742234
2023,both,46,395.5475505
2023,both,47,399.6359622
2023,both,48,391.8312641
2023,both,49,396.9310337
2023,both,50,404.3022997
2023,both,51,428.2126651
2023,both,52,421.2555179
2023,both,53,405.2525423
2023,both,54,396.9827366
2023,both,55,398.1090345
2023,both,56,403.7290762
2023,both,57,419.0430952
2023,both,58,428.7091446
2023,both,59,428.5400963
2023,both,60,434.4394354
2023,both,61,433.1429036
2023,both,62,424.8828656
2023,both,63,416.2735195
2023,both,64,412.0525806
2023,both,65,411.6870329
2023,both,66,392.8853955
2023,both,67,383.0938636
2023,both,68,368.7306512
2023,both,69,352.5297338
2023,both,70,341.0960182
2023,both,71,323.9285273
2023,both,72,307.8907045
2023,both,73,298.3772562
2023,both,74,290.4646581
2023,both,75,312.2039929
2023,both,76,219.2092587
2023,both,77,208.6008713
2023,both,78,200.9867426
2023,both,79,200.6952791
2023,both,80,169.1316485
2023,both,81,149.487031
2023,both,82,134.6072987
2023,both,83,122.6908354
2023,both,84,112.2339677
2023,both,85,95.69274242
2023,both,86,85.99040889
2023,both,87,76.80099578
2023,both,88,64.07919266
2023,both,89,57.2332669
2023,both,90,49.4761368
2023,both,91,42.38946154
2023,both,92,35.68996154
2023,both,93,28.54723165
2023,both,94,23.23143391
2023,both,95,18.6105519
2023,both,96,13.85174536
2023,both,97,10.40420451
2023,both,98,7.375462977
2023,both,99,5.074689489
2023,both,100,8.379504986
2024,both,40,455.2526295
2024,both,41,448.4678756
2024,both,42,446.2722526
2024,both,43,427.8536474
2024,both,44,418.1093002
2024,both,45,415.2823819
2024,both,46,400.9623245
2024,both,47,405.1067038
2024,both,48,397.1951647
2024,both,49,402.3647466
2024,both,50,398.3671261
2024,both,51,421.9264864
2024,both,52,415.0714704
2024,both,53,399.3034191
2024,both,54,391.7644798
2024,both,55,392.8759727
2024,both,56,398.4221401
2024,both,57,413.5348595
2024,both,58,423.0738507
2024,both,59,422.9070245
2024,both,60,433.580572
2024,both,61,432.2866034
2024,both,62,424.0428951
2024,both,63,415.4505692
2024,both,64,411.2379749
2024,both,65,418.775241
2024,both,66,399.6498871
2024,both,67,389.6897698
2024,both,68,375.0792593
2024,both,69,358.5994031
2024,both,70,349.6917259
2024,both,71,332.0916098
2024,both,72,315.6496298
2024,both,73,305.8964401
2024,both,74,297.7844425
2024,both,75,328.3870985
2024,both,76,230.5719788
2024,both,77,219.4137052
2024,both,78,211.4048979
2024,both,79,211.0983264
2024,both,80,177.4977182
2024,both,81,156.8813828
2024,both,82,141.265627
2024,both,83,128.7597177
2024,both,84,117.7856028
2024,both,85,98.32283886
2024,both,86,88.35383858
2024,both,87,78.91185624
2024,both,88,65.84039683
2024,both,89,58.80631212
2024,both,90,50.51670785
2024,both,91,43.28098723
2024,both,92,36.44058484
2024,both,93,29.14763064
2024,both,94,23.72003224
2024,both,95,19.52426447
2024,both,96,14.53181729
2024,both,97,10.91501432
2024,both,98,7.73757224
2024,both,99,5.323838875
2024,both,100,8.91010771
2025,both,40,460.0254142
2025,both,41,453.1695302
2025,both,42,450.9508886
2025,both,43,432.3391862
2025,both,44,422.4926811
2025,both,45,420.9673122
2025,both,46,406.4512231
2025,both,47,410.6523361
2025,both,48,402.6324935
2025,both,49,407.8728434
2025,both,50,392.5190811
2025,both,51,415.732589
2025,both,52,408.9782049
2025,both,53,393.4416293
2025,both,54,386.6148159
2025,both,55,387.7116985
2025,both,56,393.1849626
2025,both,57,408.0990285
2025,both,58,417.5126315
2025,both,59,417.3479982
2025,both,60,432.7234066
2025,both,61,431.4319961
2025,both,62,423.2045851
2025,both,63,414.6292458
2025,both,64,410.4249796
2025,both,65,425.9854902
2025,both,66,406.5308461
2025,both,67,396.3992408
2025,both,68,381.5371743
2025,both,69,364.7735767
2025,both,70,358.5040477
2025,both,71,340.4604041
2025,both,72,323.6040819
2025,both,73,313.6051094
2025,both,74,305.2886873
2025,both,75,345.409056
2025,both,76,242.523686
2025,both,77,230.7870228
2025,both,78,222.3630787
2025,both,79,222.0406161
2025,both,80,186.2776141
2025,both,81,164.6414951
2025,both,82,148.2533085
2025,both,83,135.1287964
2025,both,84,123.6118486
2025,both,85,101.025223
2025,both,86,90.78222668
2025,both,87,81.08073328
2025,both,88,67.65000735
2025,both,89,60.42259219
2025,both,90,51.57916396
2025,both,91,44.19126328
2025,both,92,37.20699508
2025,both,93,29.7606571
2025,both,94,24.21890665
2025,both,95,20.48283711
2025,both,96,15.24527835
2025,both,97,11.45090309
2025,both,98,8.117459794
2025,both,99,5.585220619
2025,both,100,9.474308989
2026,both,40,463.8644024
2026,both,41,456.9513048
2026,both,42,454.7141483
2026,both,43,435.9471282
2026,both,44,426.0184524
2026,both,45,427.1817987
2026,both,46,412.4514174
2026,both,47,416.7145489
2026,both,48,408.5763142
2026,both,49,413.8940242
2026,both,50,393.4063874
2026,both,51,416.6723704
2026,both,52,409.9027178
2026,both,53,394.331021
2026,both,54,387.4887753
2026,both,55,384.9639904
2026,both,56,390.3984656
2026,both,57,405.2068357
2026,both,58,414.5537246
2026,both,59,414.3902581
2026,both,60,426.2235508
2026,both,61,424.9515383
2026,both,62,416.8477097
2026,both,63,408.401179
2026,both,64,404.2600642
2026,both,65,427.1950821
2026,both,66,407.6851963
2026,both,67,397.5248222
2026,both,68,382.6205546
2026,both,69,365.8093565
2026,both,70,365.9460849
2026,both,71,347.5278808
2026,both,72,330.3216452
2026,both,73,320.1151081
2026,both,74,311.6260489
2026,both,75,354.5436465
2026,both,76,248.937399
2026,both,77,236.8903514
2026,both,78,228.24363
2026,both,79,227.9126396
2026,both,80,197.1942141
2026,both,81,174.2901335
2026,both,82,156.9415347
2026,both,83,143.0478747
2026,both,84,130.8559885
2026,both,85,105.8059544
2026,both,86,95.07823743
2026,both,87,84.91764845
2026,both,88,70.85135159
2026,both,89,63.28191957
2026,both,90,52.93735385
2026,both,91,45.35491391
2026,both,92,38.18673497
2026,both,93,30.54431896
2026,both,94,24.85664235
2026,both,95,21.06454853
2026,both,96,15.6782434
2026,both,97,11.7761081
2026,both,98,8.347995195
2026,both,99,5.743840569
2026,both,100,9.91041289
2027,both,40,467.7354275
2027,both,41,460.764639
2027,both,42,458.5088131
2027,both,43,439.5851791
2027,both,44,429.5736468
2027,both,45,433.488026
2027,both,46,418.5401889
2027,both,47,422.8662544
2027,both,48,414.6078799
2027,both,49,420.0040921
2027,both,50,394.2956994
2027,both,51,417.6142762
2027,both,52,410.8293205
2027,both,53,395.2224232
2027,both,54,388.3647104
2027,both,55,382.2357554
2027,both,56,387.6317165
2027,both,57,402.3351398
2027,both,58,411.6157875
2027,both,59,411.4534794
2027,both,60,419.8213281
2027,both,61,418.5684223
2027,both,62,410.5863197
2027,both,63,402.2666627
2027,both,64,398.1877508
2027,both,65,428.4081087
2027,both,66,408.8428242
2027,both,67,398.6535996
2027,both,68,383.7070112
2027,both,69,366.8480774
2027,both,70,373.5426083
2027,both,71,354.7420683
2027,both,72,337.1786556
2027,both,73,326.7602452
2027,both,74,318.0949651
2027,both,75,363.9198078
2027,both,76,255.5207272
2027,both,77,243.1550868
2027,both,78,234.2796967
2027,both,79,233.939953
2027,both,80,208.7505696
2027,both,81,184.5042199
2027,both,82,166.1389251
2027,both,83,151.431042
2027,both,84,138.5246635
2027,both,85,110.8129204
2027,both,86,99.57754468
2027,both,87,88.93613471
2027,both,88,74.20419036
2027,both,89,66.27655648
2027,both,90,54.33130778
2027,both,91,46.54920596
2027,both,92,39.1922735
2027,both,93,31.34861631
2027,both,94,25.51117099
2027,both,95,21.66278052
2027,both,96,16.12350463
2027,both,97,12.1105489
2027,both,98,8.585077788
2027,both,99,5.906965318
2027,both,100,10.36659072
2028,both,40,471.6387569
2028,both,41,464.6097961
2028,both,42,462.3351449
2028,both,43,443.25359
2028,both,44,433.1585099
2028,both,45,439.8873483
2028,both,46,424.7188453
2028,both,47,429.1087739
2028,both,48,420.728486
2028,both,49,426.2043592
2028,both,50,395.1870218
2028,both,51,418.5583113
2028,both,52,411.7580178
2028,both,53,396.1158405
2028,both,54,389.2426255
2028,both,55,379.5268553
2028,both,56,384.8845753
2028,both,57,399.4837956
2028,both,58,408.6986714
2028,both,59,408.5375137
2028,both,60,413.5152719
2028,both,61,412.2811858
2028,both,62,404.4189809
2028,both,63,396.2242918
2028,both,64,392.2066485
2028,both,65,429.6245796
2028,both,66,410.0037393
2028,both,67,399.7855822
2028,both,68,384.7965527
2028,both,69,367.8897478
2028,both,70,381.2968248
2028,both,71,362.1060121
2028,both,72,344.1780078
2028,both,73,333.5433259
2028,both,74,324.6981669
2028,both,75,373.5439284
2028,both,76,262.2781563
2028,both,77,249.5854976
2028,both,78,240.4753914
2028,both,79,240.126663
2028,both,80,220.984173
2028,both,81,195.316892
2028,both,82,175.8753187
2028,both,83,160.3054959
2028,both,84,146.6427529
2028,both,85,116.0568268
2028,both,86,104.2897689
2028,both,87,93.14478441
2028,both,88,77.71569268
2028,both,89,69.41290607
2028,both,90,55.76196751
2028,both,91,47.77494628
2028,both,92,40.22429003
2028,both,93,32.17409254
2028,both,94,26.18293478
2028,both,95,22.27800227
2028,both,96,16.58141125
2028,both,97,12.45448781
2028,both,98,8.828893513
2028,both,99,6.0747228
2028,both,100,10.84376649
2029,both,40,475.5746603
2029,both,41,468.4870416
2029,both,42,466.1934081
2029,both,43,446.9526145
2029,both,44,436.7732892
2029,both,45,446.3811399
2029,both,46,430.9887135
2029,both,47,435.443448
2029,both,48,426.9394469
2029,both,49,432.4961571
2029,both,50,396.080359
2029,both,51,419.5044803
2029,both,52,412.6888145
2029,both,53,397.0112774
2029,both,54,390.1225252
2029,both,55,376.8371531
2029,both,56,382.1569031
2029,both,57,396.6526589
2029,both,58,405.802229
2029,both,59,405.6422133
2029,both,60,407.3039378
2029,both,61,406.0883887
2029,both,62,398.3442805
2029,both,63,390.2726823
2029,both,64,386.3153872
2029,both,65,430.8445048
2029,both,66,411.1679508
2029,both,67,400.9207791
2029,both,68,385.889188
2029,both,69,368.934376
2029,both,70,389.2120078
2029,both,71,369.622821
2029,both,72,351.3226567
2029,both,73,340.4672139
2029,both,74,331.4384418
2029,both,75,383.4225658
2029,both,76,269.2142905
2029,both,77,256.1859653
2029,both,78,246.8349358
2029,both,79,246.476985
2029,both,80,233.9347136
2029,both,81,206.7632291
2029,both,82,186.1823033
2029,both,83,169.7000277
2029,both,84,155.2365943
2029,both,85,121.5488861
2029,both,86,109.2249856
2029,both,87,97.55259649
2029,both,88,81.39336686
2029,both,89,72.69767449
2029,both,90,57.23029957
2029,both,91,49.03296296
2029,both,92,41.28348176
2029,both,93,33.02130532
2029,both,94,26.87238754
2029,both,95,22.91069628
2029,both,96,17.05232239
2029,both,97,12.80819456
2029,both,98,9.079633591
2029,both,99,6.247244585
2029,both,100,11.34290673
2030,both,40,479.5434095
2030,both,41,472.3966434
2030,both,42,470.0838692
2030,both,43,450.682508
2030,both,44,440.4182345
2030,both,45,452.9707955
2030,both,46,437.35114
2030,both,47,441.871637
2030,both,48,433.2420965
2030,both,49,438.8808371
2030,both,50,396.9757157
2030,both,51,420.4527882
2030,both,52,413.6217153
2030,both,53,397.9087384
2030,both,54,391.0044139
2030,both,55,374.1665128
2030,both,56,379.4485618
2030,both,57,393.8415863
2030,both,58,402.9263136
2030,both,59,402.7674319
2030,both,60,401.185903
2030,both,61,399.9886124
2030,both,62,392.3608269
2030,both,63,384.4104707
2030,both,64,380.5126174
2030,both,65,432.0678939
2030,both,66,412.3354681
2030,both,67,402.0591994
2030,both,68,386.9849259
2030,both,69,369.9819705
2030,both,70,397.2914989
2030,both,71,377.2956683
2030,both,72,358.6156184
2030,both,73,347.5348319
2030,both,74,338.3186353
2030,both,75,393.5624508
2030,both,76,276.3338557
2030,both,77,262.9609871
2030,both,78,253.3626629
2030,both,79,252.9952458
2030,both,80,247.6442067
2030,both,81,218.8803665
2030,both,82,197.0933176
2030,both,83,179.6451159
2030,both,84,164.3340685
2030,both,85,127.3008415
2030,both,86,114.3937475
2030,both,87,102.1689958
2030,both,88,85.24507652
2030,both,89,76.13788523
2030,both,90,58.73729597
2030,both,91,50.32410592
2030,both,92,42.37056427
2030,both,93,33.89082703
2030,both,94,27.57999508
2030,both,95,23.56135876
2030,both,96,17.53660739
2030,both,97,13.17194656
2030,both,98,9.337494674
2030,both,99,6.424665979
2030,both,100,11.86502247
2031,both,40,482.0392358
2031,both,41,474.8552738
2031,both,42,472.5304625
2031,both,43,453.0281252
2031,both,44,442.7104304
2031,both,45,456.8974132
2031,both,46,441.1423573
2031,both,47,445.7020406
2031,both,48,436.9976942
2031,both,49,442.6853147
2031,both,50,402.9385102
2031,both,51,426.7682213
2031,both,52,419.8345419
2031,both,53,403.8855474
2031,both,54,396.8775162
2031,both,55,375.1655088
2031,both,56,380.4616604
2031,both,57,394.8931133
2031,both,58,404.002096
2031,both,59,403.8427902
2031,both,60,398.5290026
2031,both,61,397.3396411
2031,both,62,389.7623716
2031,both,63,381.8646675
2031,both,64,377.9926282
2031,both,65,425.8526803
2031,both,66,406.4041016
2031,both,67,396.2756551
2031,both,68,381.4182221
2031,both,69,364.6598509
2031,both,70,398.6432325
2031,both,71,378.5793686
2031,both,72,359.8357623
2031,both,73,348.7172748
2031,both,74,339.4697213
2031,both,75,402.0133866
2031,both,76,282.267551
2031,both,77,268.6075279
2031,both,78,258.8030996
2031,both,79,258.427793
2031,both,80,254.4773116
2031,both,81,224.9198072
2031,both,82,202.5316008
2031,both,83,184.6019608
2031,both,84,168.8684444
2031,both,85,135.0113892
2031,both,86,121.322519
2031,both,87,108.3573202
2031,both,88,90.40832773
2031,both,89,80.74951846
2031,both,90,61.69788427
2031,both,91,52.8606367
2031,both,92,44.50620561
2031,both,93,35.5990566
2031,both,94,28.97013416
2031,both,95,24.28378459
2031,both,96,18.0743055
2031,both,97,13.57581777
2031,both,98,9.623795959
2031,both,99,6.621655664
2031,both,100,12.26250007
2032,both,40,484.5480519
2032,both,41,477.3267003
2032,both,42,474.9897893
2032,both,43,455.3859503
2032,both,44,445.0145562
2032,both,45,460.8580691
2032,both,46,444.9664391
2032,both,47,449.5656485
2032,both,48,440.7858476
2032,both,49,446.5227718
2032,both,50,408.9908692
2032,both,51,433.1785157
2032,both,52,426.1406886
2032,both,53,409.9521314
2032,both,54,402.8388356
2032,both,55,376.167172
2032,both,56,381.477464
2032,both,57,395.9474477
2032,both,58,405.0807507
2032,both,59,404.9210196
2032,both,60,395.8896978
2032,both,61,394.708213
2032,both,62,387.1811248
2032,both,63,379.3357242
2032,both,64,375.4893279
2032,both,65,419.7268714
2032,both,66,400.5580567
2032,both,67,390.575306
2032,both,68,375.9315943
2032,both,69,359.4142891
2032,both,70,399.9995653
2032,both,71,379.8674367
2032,both,72,361.0600575
2032,both,73,349.9037409
2032,both,74,340.6247237
2032,both,75,410.6457888
2032,both,76,288.3286601
2032,both,77,274.3753164
2032,both,78,264.3603584
2032,both,79,263.9769929
2032,both,80,261.4989586
2032,both,81,231.1258908
2032,both,82,208.1199394
2032,both,83,189.6955772
2032,both,84,173.5279348
2032,both,85,143.1889608
2032,both,86,128.6709627
2032,both,87,114.9204683
2032,both,88,95.88431445
2032,both,89,85.64047598
2032,both,90,64.80769774
2032,both,91,55.52501851
2032,both,92,46.74949157
2032,both,93,37.3933876
2032,both,94,30.43034166
2032,both,95,25.02836105
2032,both,96,18.62849022
2032,both,97,13.99207226
2032,both,98,9.918875662
2032,both,99,6.824685341
2032,both,100,12.67329314
2033,both,40,487.0699253
2033,both,41,479.8109895
2033,both,42,477.4619159
2033,both,43,457.756047
2033,both,44,447.330674
2033,both,45,464.8530584
2033,both,46,448.8236703
2033,both,47,453.4627484
2033,both,48,444.606839
2033,both,49,450.3934942
2033,both,50,415.1341379
2033,both,51,439.6850962
2033,both,52,432.5415571
2033,both,53,416.1098388
2033,both,54,408.8896974
2033,both,55,377.1715096
2033,both,56,382.4959796
2033,both,57,397.0045971
2033,both,58,406.1622854
2033,both,59,406.0021277
2033,both,60,393.267872
2033,both,61,392.0942118
2033,both,62,384.6169726
2033,both,63,376.8235291
2033,both,64,373.002606
2033,both,65,413.689181
2033,both,66,394.7961061
2033,both,67,384.9569553
2033,both,68,370.5238906
2033,both,69,354.2441836
2033,both,70,401.3605128
2033,both,71,381.1598872
2033,both,72,362.2885183
2033,both,73,351.0942437
2033,both,74,341.7836559
2033,both,75,419.4635538
2033,both,76,294.519919
2033,both,77,280.2669562
2033,both,78,270.0369478
2033,both,79,269.6453503
2033,both,80,268.7143497
2033,both,81,237.5032154
2033,both,82,213.8624738
2033,both,83,194.9297387
2033,both,84,178.3159919
2033,both,85,151.8618438
2033,both,86,136.4644978
2033,both,87,121.881143
2033,both,88,101.6919789
2033,both,89,90.82767633
2033,both,90,68.07425792
2033,both,91,58.32369552
2033,both,92,49.10584788
2033,both,93,39.27815985
2033,both,94,31.96414931
2033,both,95,25.79576732
2033,both,96,19.19966706
2033,both,97,14.42108972
2033,both,98,10.22300294
2033,both,99,7.033940206
2033,both,100,13.09784776
2034,both,40,489.604924
2034,both,41,482.3082085
2034,both,42,479.9469089
2034,both,43,460.1384791
2034,both,44,449.6588463
2034,both,45,468.8826785
2034,both,46,452.7143383
2034,both,47,457.3936306
2034,both,48,448.460953
2034,both,49,454.2977703
2034,both,50,421.3696819
2034,both,51,446.2894092
2034,both,52,439.0385701
2034,both,53,422.3600384
2034,both,54,415.0314465
2034,both,55,378.1785287
2034,both,56,383.5172147
2034,both,57,398.064569
2034,both,58,407.2467076
2034,both,59,407.0861224
2034,both,60,390.6634097
2034,both,61,389.4975222
2034,both,62,382.0698019
2034,both,63,374.3279713
2034,both,64,370.5323528
2034,both,65,407.7383416
2034,both,66,389.11704
2034,both,67,379.4194234
2034,both,68,365.1939757
2034,both,69,349.1484491
2034,both,70,402.7260907
2034,both,71,382.4567351
2034,both,72,363.5211588
2034,both,73,352.2887971
2034,both,74,342.9465312
2034,both,75,428.470662
2034,both,76,300.8441222
2034,both,77,286.2851067
2034,both,78,275.8354301
2034,both,79,275.4354238
2034,both,80,276.1288311
2034,both,81,244.0565057
2034,both,82,219.7634588
2034,both,83,200.3083235
2034,both,84,183.2361631
2034,both,85,161.0600389
2034,both,86,144.7300835
2034,both,87,129.2634222
2034,both,88,107.8514107
2034,both,89,96.32906279
2034,both,90,71.50546544
2034,both,91,61.26343675
2034,both,92,51.58097372
2034,both,93,41.25793197
2034,both,94,33.57526683
2034,both,95,26.58670339
2034,both,96,19.78835702
2034,both,97,14.86326149
2034,both,98,10.53645521
2034,both,99,7.249611132
2034,both,100,13.53662494
2035,both,40,492.1531164
2035,both,41,484.8184245
2035,both,42,482.4448353
2035,both,43,462.5333107
2035,both,44,451.9991358
2035,both,45,472.9472298
2035,both,46,456.6387329
2035,both,47,461.358588
2035,both,48,452.3484767
2035,both,49,458.235891
2035,both,50,427.6988872
2035,both,51,452.9929226
2035,both,52,445.6331719
2035,both,53,428.7041194
2035,both,54,421.265448
2035,both,55,379.1882365
2035,both,56,384.5411763
2035,both,57,399.127371
2035,both,58,408.3340252
2035,both,59,408.1730112
2035,both,60,388.0761957
2035,both,61,386.9180294
2035,both,62,379.5395
2035,both,63,371.8489407
2035,both,64,368.078459
2035,both,65,401.873104
2035,both,66,383.5196661
2035,both,67,373.961548
2035,both,68,359.9407305
2035,both,69,344.1260158
2035,both,70,404.0963149
2035,both,71,383.7579953
2035,both,72,364.7579932
2035,both,73,353.4874148
2035,both,74,344.113363
2035,both,75,437.6711791
2035,both,76,307.3041246
2035,both,77,292.4324844
2035,both,78,281.7584228
2035,both,79,281.3498272
2035,both,80,283.747896
2035,both,81,250.7906173
2035,both,82,225.8272662
2035,both,83,205.8353165
2035,both,84,188.2920937
2035,both,85,170.8153641
2035,both,86,153.4963115
2035,both,87,137.0928424
2035,both,88,114.3839161
2035,both,89,102.1636654
2035,both,90,75.10961917
2035,both,91,64.35135238
2035,both,92,54.18085553
2035,both,93,43.3374923
2035,both,94,35.26759094
2035,both,95,27.40189072
2035,both,96,20.39509708
2035,both,97,15.31899089
2035,both,98,10.85951838
2035,both,99,7.471894845
2035,both,100,13.99010112
2036,both,40,492.7633593
2036,both,41,485.4195727
2036,both,42,483.0430404
2036,both,43,463.1068266
2036,both,44,452.5595899
2036,both,45,475.5463332
2036,both,46,459.1482122
2036,both,47,463.8940055
2036,both,48,454.8343787
2036,both,49,460.7541476
2036,both,50,431.5720251
2036,both,51,457.0951172
2036,both,52,449.6687184
2036,both,53,432.5863605
2036,both,54,425.0803263
2036,both,55,385.0241847
2036,both,56,390.4595097
2036,both,57,405.2701952
2036,both,58,414.6185457
2036,both,59,414.4550536
2036,both,60,389.34992
2036,both,61,388.1879524
2036,both,62,380.7852056
2036,both,63,373.0694047
2036,both,64,369.2865477
2036,both,65,399.4413015
2036,both,66,381.1989235
2036,both,67,371.6986431
2036,both,68,357.762668
2036,both,69,342.0436508
2036,both,70,398.6155485
2036,both,71,378.553078
2036,both,72,359.8107732
2036,both,73,348.6930579
2036,both,74,339.4461466
2036,both,75,439.5569452
2036,both,76,308.6281864
2036,both,77,293.6924698
2036,both,78,282.9724175
2036,both,79,282.5620614
2036,both,80,290.1681279
2036,both,81,256.4651402
2036,both,82,230.9369549
2036,both,83,210.4926567
2036,both,84,192.5524915
2036,both,85,175.8590818
2036,both,86,158.0286443
2036,both,87,141.1408249
2036,both,88,117.7613652
2036,both,89,105.1802834
2036,both,90,79.88456835
2036,both,91,68.4423655
2036,both,92,57.62529892
2036,both,93,46.09258979
2036,both,94,37.50966001
2036,both,95,28.90428369
2036,both,96,21.51332103
2036,both,97,16.1589017
2036,both,98,11.45492489
2036,both,99,7.881564469
2036,both,100,14.50046058
2037,both,40,493.3743588
2037,both,41,486.0214663
2037,both,42,483.6419872
2037,both,43,463.6810537
2037,both,44,453.1207389
2037,both,45,478.1597201
2037,both,46,461.6714825
2037,both,47,466.4433566
2037,both,48,457.3339422
2037,both,49,463.2862434
2037,both,50,435.4802373
2037,both,51,461.2344602
2037,both,52,453.7408098
2037,both,53,436.5037582
2037,both,54,428.9297511
2037,both,55,390.949952
2037,both,56,396.46893
2037,both,57,411.5075614
2037,both,58,420.9997889
2037,both,59,420.8337806
2037,both,60,390.6278248
2037,both,61,389.4620435
2037,both,62,382.0349998
2037,both,63,374.2938744
2037,both,64,370.4986016
2037,both,65,397.0242144
2037,both,66,378.892224
2037,both,67,369.4494315
2037,both,68,355.5977853
2037,both,69,339.9738866
2037,both,70,393.2091178
2037,both,71,373.418755
2037,both,72,354.9306525
2037,both,73,343.963727
2037,both,74,334.8422317
2037,both,75,441.4508364
2037,both,76,309.9579532
2037,both,77,294.9578839
2037,both,78,284.1916428
2037,both,79,283.7795187
2037,both,80,296.7336275
2037,both,81,262.2680578
2037,both,82,236.1622582
2037,both,83,215.2553763
2037,both,84,196.9092873
2037,both,85,181.0517269
2037,both,86,162.6948046
2037,both,87,145.3083334
2037,both,88,121.2385412
2037,both,89,108.2859739
2037,both,90,84.96307572
2037,both,91,72.79345689
2037,both,92,61.28871616
2037,both,93,49.02283729
2037,both,94,39.89426431
2037,both,95,30.48904997
2037,both,96,22.69285504
2037,both,97,17.0448632
2037,both,98,12.08297639
2037,both,99,8.31369549
2037,both,100,15.02943798
2038,both,40,493.9861159
2038,both,41,486.6241062
2038,both,42,484.2416767
2038,both,43,464.2559927
2038,both,44,453.6825838
2038,both,45,480.7874691
2038,both,46,464.2086195
2038,both,47,469.0067177
2038,both,48,459.8472421
2038,both,49,465.8322544
2038,both,50,439.4238412
2038,both,51,465.4112882
2038,both,52,457.8497771
2038,both,53,440.4566309
2038,both,54,432.8140354
2038,both,55,396.9669205
2038,both,56,402.5708392
2038,both,57,417.8409246
2038,both,58,427.4792436
2038,both,59,427.3106803
2038,both,60,391.9099239
2038,both,61,390.7403163
2038,both,62,383.288896
2038,both,63,375.5223631
2038,both,64,371.7146336
2038,both,65,394.6217534
2038,both,66,376.5994828
2038,both,67,367.2138302
2038,both,68,353.4460027
2038,both,69,337.9166468
2038,both,70,387.8760147
2038,both,71,368.354069
2038,both,72,350.116721
2038,both,73,339.2985401
2038,both,74,330.3007599
2038,both,75,443.3528876
2038,both,76,311.2934494
2038,both,77,296.2287503
2038,both,78,285.4161213
2038,both,79,285.0022215
2038,both,80,303.4476815
2038,both,81,268.2022754
2038,both,82,241.505792
2038,both,83,220.1258598
2038,both,84,201.3646624
2038,both,85,186.3976969
2038,both,86,167.4987441
2038,both,87,149.5988972
2038,both,88,124.8183888
2038,both,89,111.4833671
2038,both,90,90.3644394
2038,both,91,77.42116052
2038,both,92,65.18502809
2038,both,93,52.13936963
2038,both,94,42.43046522
2038,both,95,32.16070594
2038,both,96,23.93706064
2038,both,97,17.97940027
2038,both,98,12.74546275
2038,both,99,8.769519424
2038,both,100,15.57771249
2039,both,40,494.5986316
2039,both,41,487.2274934
2039,both,42,484.8421098
2039,both,43,464.8316447
2039,both,44,454.2451253
2039,both,45,483.4296589
2039,both,46,466.7596995
2039,both,47,471.5841658
2039,both,48,462.3743539
2039,both,49,468.3922572
2039,both,50,443.4031575
2039,both,51,469.6259405
2039,both,52,461.9959542
2039,both,53,444.4452998
2039,both,54,436.7334949
2039,both,55,403.076494
2039,both,56,408.7666606
2039,both,57,424.2717624
2039,both,58,434.0584212
2039,both,59,433.8872636
2039,both,60,393.1962311
2039,both,61,392.0227847
2039,both,62,384.5469076
2039,both,63,376.7548838
2039,both,64,372.9346568
2039,both,65,392.2338301
2039,both,66,374.3206154
2039,both,67,364.9917569
2039,both,68,351.3072409
2039,both,69,335.8718558
2039,both,70,382.6152446
2039,both,71,363.3580754
2039,both,72,345.3680809
2039,both,73,334.6966272
2039,both,74,325.8208841
2039,both,75,445.2631341
2039,both,76,312.6346997
2039,both,77,297.5050923
2039,both,78,286.6458757
2039,both,79,286.2301925
2039,both,80,310.3136513
2039,both,81,274.2707638
2039,both,82,246.9702314
2039,both,83,225.1065454
2039,both,84,205.9208471
2039,both,85,191.901519
2039,both,86,172.444531
2039,both,87,154.0161498
2039,both,88,128.5039397
2039,both,89,114.7751708
2039,both,90,96.10918435
2039,both,91,82.34306148
2039,both,92,69.32904053
2039,both,93,55.45402949
2039,both,94,45.12790021
2039,both,95,33.92401559
2039,both,96,25.24948364
2039,both,97,18.96517621
2039,both,98,13.44427196
2039,both,99,9.250335308
2039,both,100,16.14598808
2040,both,40,495.2119067
2040,both,41,487.8316288
2040,both,42,485.4432874
2040,both,43,465.4080104
2040,both,44,454.8083643
2040,both,45,486.086369
2040,both,46,469.3247991
2040,both,47,474.1757785
2040,both,48,464.9153536
2040,both,49,470.9663286
2040,both,50,447.4185095
2040,both,51,473.8787597
2040,both,52,466.1796781
2040,both,53,448.4700892
2040,both,54,440.6884481
2040,both,55,409.2800978
2040,both,56,415.0578396
2040,both,57,430.8015748
2040,both,58,440.7388565
2040,both,59,440.5650646
2040,both,60,394.4867601
2040,both,61,393.3094623
2040,both,62,385.8090483
2040,both,63,377.9914498
2040,both,64,374.1586843
2040,both,65,389.8603566
2040,both,66,372.0555377
2040,both,67,362.7831298
2040,both,68,349.1814211
2040,both,69,333.8394381
2040,both,70,377.4258264
2040,both,71,358.4298425
2040,both,72,340.6838467
2040,both,73,330.1571302
2040,both,74,321.4017689
2040,both,75,447.1816112
2040,both,76,313.9817291
2040,both,77,298.7869337
2040,both,78,287.8809286
2040,both,79,287.4634544
2040,both,80,317.3349743
2040,both,81,280.4765611
2040,both,82,252.5583122
2040,both,83,230.1999267
2040,both,84,210.5801225
2040,both,85,197.5678541
2040,both,86,177.5363536
2040,both,87,158.563832
2040,both,88,132.2983151
2040,both,89,118.1641725
2040,both,90,102.2191404
2040,both,91,87.57786281
2040,both,92,73.73650058
2040,both,93,58.97941247
2040,both,94,47.99681943
2040,both,95,35.78400412
2040,both,96,26.63386426
2040,both,97,20.00500034
2040,both,98,14.18139553
2040,both,99,9.757513402
2040,both,100,16.73499438
2041,both,40,497.6351079
2041,both,41,490.2187163
2041,both,42,487.8186882
2041,both,43,467.6853733
2041,both,44,457.0338604
2041,both,45,486.8377922
2041,both,46,470.0503112
2041,both,47,474.9087896
2041,both,48,465.6340493
2041,both,49,471.6943783
2041,both,50,450.0187085
2041,both,51,476.6327341
2041,both,52,468.8889087
2041,both,53,451.0763996
2041,both,54,443.2495349
2041,both,55,413.1541732
2041,both,56,418.9866048
2041,both,57,434.8793636
2041,both,58,444.9107075
2041,both,59,444.7352706
2041,both,60,400.7334383
2041,both,61,399.537498
2041,both,62,391.9183153
2041,both,63,383.9769256
2041,both,64,380.0834684
2041,both,65,391.4162789
2041,both,66,373.5404015
2041,both,67,364.2309876
2041,both,68,350.5749948
2041,both,69,335.1717824
2041,both,70,375.3933402
2041,both,71,356.4996521
2041,both,72,338.8492208
2041,both,73,328.379192
2041,both,74,319.6709794
2041,both,75,441.5828621
2041,both,76,310.050653
2041,both,77,295.0460977
2041,both,78,284.2766367
2041,both,79,283.8643893
2041,both,80,319.0584214
2041,both,81,281.9998301
2041,both,82,253.9299571
2041,both,83,231.4501432
2041,both,84,211.7237838
2041,both,85,202.3822651
2041,both,86,181.8626291
2041,both,87,162.4277776
2041,both,88,135.5222123
2041,both,89,121.0436434
2041,both,90,105.5308625
2041,both,91,90.41523303
2041,both,92,76.12543477
2041,both,93,60.89024271
2041,both,94,49.55183279
2041,both,95,38.21139005
2041,both,96,28.44055607
2041,both,97,21.36202725
2041,both,98,15.14338178
2041,both,99,10.41940833
2041,both,100,17.72610503
2042,both,40,500.0701665
2042,both,41,492.6174846
2042,both,42,490.2057125
2042,both,43,469.97388
2042,both,44,459.2702464
2042,both,45,487.590377
2042,both,46,470.7769449
2042,both,47,475.6429337
2042,both,48,466.353856
2042,both,49,472.4235534
2042,both,50,452.6340188
2042,both,51,479.4027133
2042,both,52,471.6138843
2042,both,53,453.6978567
2042,both,54,445.8255057
2042,both,55,417.0649191
2042,both,56,422.952558
2042,both,57,438.9957511
2042,both,58,449.1220476
2042,both,59,448.9449501
2042,both,60,407.0790323
2042,both,61,405.8641544
2042,both,62,398.1243223
2042,both,63,390.0571811
2042,both,64,386.1020712
2042,both,65,392.9784108
2042,both,66,375.0311913
2042,both,67,365.6846238
2042,both,68,351.9741303
2042,both,69,336.5094441
2042,both,70,373.3717992
2042,both,71,354.5798561
2042,both,72,337.0244745
2042,both,73,326.6108281
2042,both,74,317.9495104
2042,both,75,436.0542098
2042,both,76,306.1687943
2042,both,77,291.3520972
2042,both,78,280.7174707
2042,both,79,280.3103847
2042,both,80,320.7912286
2042,both,81,283.531372
2042,both,82,255.3090514
2042,both,83,232.7071496
2042,both,84,212.8736562
2042,both,85,207.3139955
2042,both,86,186.2943291
2042,both,87,166.3858815
2042,both,88,138.8246708
2042,both,89,123.9932824
2042,both,90,108.9498786
2042,both,91,93.3445291
2042,both,92,78.59176626
2042,both,93,62.86298052
2042,both,94,51.15722586
2042,both,95,40.80343621
2042,both,96,30.36980372
2042,both,97,22.81110724
2042,both,98,16.17062378
2042,both,99,11.12620249
2042,both,100,18.77591306
2043,both,40,502.5171404
2043,both,41,495.0279906
2043,both,42,492.6044171
2043,both,43,472.2735849
2043,both,44,461.5175757
2043,both,45,488.3441252
2043,both,46,471.5047018
2043,both,47,476.3782128
2043,both,48,467.0747755
2043,both,49,473.1538558
2043,both,50,455.264528
2043,both,51,482.1887904
2043,both,52,474.3546962
2043,both,53,456.3345485
2043,both,54,448.4164469
2043,both,55,421.0126825
2043,both,56,426.9560513
2043,both,57,443.1511027
2043,both,58,453.3732504
2043,both,59,453.1944766
2043,both,60,413.5251085
2043,both,61,412.290993
2043,both,62,404.4286011
2043,both,63,396.2337171
2043,both,64,392.2159782
2043,both,65,394.5467772
2043,both,66,376.5279308
2043,both,67,367.1440614
2043,both,68,353.3788497
2043,both,69,337.8524443
2043,both,70,371.3611444
2043,both,71,352.6703983
2043,both,72,335.2095548
2043,both,73,324.8519872
2043,both,74,316.2373118
2043,both,75,430.5947766
2043,both,76,302.3355368
2043,both,77,287.7043459
2043,both,78,277.2028658
2043,both,79,276.8008765
2043,both,80,322.5334467
2043,both,81,285.0712317
2043,both,82,256.6956356
2043,both,83,233.9709828
2043,both,84,214.0297737
2043,both,85,212.3659043
2043,both,86,190.8340224
2043,both,87,170.4404379
2043,both,88,142.2076048
2043,both,89,127.0147994
2043,both,90,112.4796649
2043,both,91,96.36872926
2043,both,92,81.13800261
2043,both,93,64.8996316
2043,both,94,52.81463088
2043,both,95,43.57131223
2043,both,96,32.42992069
2043,both,97,24.35848468
2043,both,98,17.26754811
2043,both,99,11.8809416
2043,both,100,19.88789475
2044,both,40,504.976088
2044,both,41,497.4502918
2044,both,42,495.0148591
2044,both,43,474.5845429
2044,both,44,463.7759017
2044,both,45,489.0990386
2044,both,46,472.2335837
2044,both,47,477.1146285
2044,both,48,467.7968093
2044,both,49,473.8852871
2044,both,50,457.9103247
2044,both,51,484.991059
2044,both,52,477.1114364
2044,both,53,458.9865636
2044,both,54,451.0224456
2044,both,55,424.9978137
2044,both,56,430.99744
2044,both,57,447.345787
2044,both,58,457.6646934
2044,both,59,457.4842273
2044,both,60,420.073258
2044,both,61,418.8196003
2044,both,62,410.8327078
2044,both,63,402.5080583
2044,both,64,398.4266987
2044,both,65,396.1214029
2044,both,66,378.0306437
2044,both,67,368.6093235
2044,both,68,354.7891753
2044,both,69,339.2008044
2044,both,70,369.3613173
2044,both,71,350.7712233
2044,both,72,333.4044086
2044,both,73,323.1026178
2044,both,74,314.5343335
2044,both,75,425.203696
2044,both,76,298.550272
2044,both,77,284.1022648
2044,both,78,273.732264
2044,both,79,273.3353077
2044,both,80,324.2851268
2044,both,81,286.6194543
2044,both,82,258.0897503
2044,both,83,235.2416798
2044,both,84,215.19217
2044,both,85,217.54092
2044,both,86,195.4843407
2044,both,87,174.5937974
2044,both,88,145.6729755
2044,both,89,130.1099459
2044,both,90,116.1238102
2044,both,91,99.49090825
2044,both,92,83.76673257
2044,both,93,67.00226662
2044,both,94,54.52573293
2044,both,95,46.52694542
2044,both,96,34.62978443
2044,both,97,26.01082751
2044,both,98,18.43888162
2044,both,99,12.68687797
2044,both,100,21.06573226
2045,both,40,507.4470679
2045,both,41,499.884446
2045,both,42,497.4370961
2045,both,43,476.9068091
2045,both,44,466.0452784
2045,both,45,489.855119
2045,both,46,472.9635924
2045,both,47,477.8521827
2045,both,48,468.5199594
2045,both,49,474.6178491
2045,both,50,460.5714975
2045,both,51,487.8096131
2045,both,52,479.8841977
2045,both,53,461.6539911
2045,both,54,453.6435891
2045,both,55,429.0206666
2045,both,56,435.0770829
2045,both,57,451.5801765
2045,both,58,461.9967573
2045,both,59,461.8145831
2045,both,60,426.7250971
2045,both,61,425.4515878
2045,both,62,417.3382233
2045,both,63,408.8817533
2045,both,64,404.7357656
2045,both,65,397.7023128
2045,both,66,379.5393539
2045,both,67,370.0804335
2045,both,68,356.2051294
2045,both,69,340.5545458
2045,both,70,367.3722595
2045,both,71,348.8822755
2045,both,72,331.6089833
2045,both,73,321.362669
2045,both,74,312.840526
2045,both,75,419.8801121
2045,both,76,294.812399
2045,both,77,280.545282
2045,both,78,270.3051144
2045,both,79,269.913128
2045,both,80,326.0463202
2045,both,81,288.1760854
2045,both,82,259.4914365
2045,both,83,236.5192781
2045,both,84,216.3608793
2045,both,85,222.8420425
2045,both,86,200.2479798
2045,both,87,178.8483675
2045,both,88,149.2227918
2045,both,89,133.2805161
2045,both,90,119.8860194
2045,both,91,102.7142404
2045,both,92,86.48062881
2045,both,93,69.17302336
2045,both,94,56.29227171
2045,both,95,49.68307216
2045,both,96,36.97887457
2045,both,97,27.77525601
2045,both,98,19.68967182
2045,both,99,13.54748454
2045,both,100,22.31332584
2046,both,40,507.792013
2046,both,41,500.2242503
2046,both,42,497.7752368
2046,both,43,477.230994
2046,both,44,466.36208
2046,both,45,492.3341622
2046,both,46,475.3571515
2046,both,47,480.2704818
2046,both,48,470.8910303
2046,both,49,477.01978
2046,both,50,461.4280809
2046,both,51,488.7168547
2046,both,52,480.7766994
2046,both,53,462.5125878
2046,both,54,454.4872878
2046,both,55,431.666093
2046,both,56,437.7598543
2046,both,57,454.3647093
2046,both,58,464.8455208
2046,both,59,464.6622232
2046,both,60,430.9724979
2046,both,61,429.6863128
2046,both,62,421.492192
2046,both,63,412.9515507
2046,both,64,408.764296
2046,both,65,404.2111496
2046,both,66,385.7509338
2046,both,67,376.1372077
2046,both,68,362.034819
2046,both,69,346.1280963
2046,both,70,369.1376339
2046,both,71,350.5587979
2046,both,72,333.2025004
2046,both,73,322.9069484
2046,both,74,314.343853
2046,both,75,417.9494202
2046,both,76,293.4567932
2046,both,77,279.2552792
2046,both,78,269.062198
2046,both,79,268.672014
2046,both,80,322.4291743
2046,both,81,284.9790705
2046,both,82,256.612648
2046,both,83,233.8953419
2046,both,84,213.9605796
2046,both,85,224.4032274
2046,both,86,201.6508754
2046,both,87,180.1013419
2046,both,88,150.2682155
2046,both,89,134.2142516
2046,both,90,123.1047833
2046,both,91,105.4719672
2046,both,92,88.80250695
2046,both,93,71.03021766
2046,both,94,57.80363671
2046,both,95,51.49123278
2046,both,96,38.32467993
2046,both,97,28.78610582
2046,both,98,20.40625571
2046,both,99,14.04053029
2046,both,100,23.92312131
2047,both,40,508.1371926
2047,both,41,500.5642856
2047,both,42,498.1136074
2047,both,43,477.5553993
2047,both,44,466.6790969
2047,both,45,494.8257513
2047,both,46,477.7628239
2047,both,47,482.7010194
2047,both,48,473.2741007
2047,both,49,479.4338666
2047,both,50,462.2862574
2047,both,51,489.6257836
2047,both,52,481.670861
2047,both,53,463.3727813
2047,both,54,455.3325556
2047,both,55,434.3278316
2047,both,56,440.4591683
2047,both,57,457.166412
2047,both,58,467.7118503
2047,both,59,467.5274225
2047,both,60,435.2621752
2047,both,61,433.9631881
2047,both,62,425.6875073
2047,both,63,417.0618568
2047,both,64,412.8329243
2047,both,65,410.8265106
2047,both,66,392.0641731
2047,both,67,382.2931077
2047,both,68,367.9599179
2047,both,69,351.7928641
2047,both,70,370.9114916
2047,both,71,352.2433767
2047,both,72,334.8036751
2047,both,73,324.4586487
2047,both,74,315.8544041
2047,both,75,416.027606
2047,both,76,292.1074208
2047,both,77,277.9712081
2047,both,78,267.8249967
2047,both,79,267.4366069
2047,both,80,318.8521569
2047,both,81,281.8175231
2047,both,82,253.7657967
2047,both,83,231.3005156
2047,both,84,211.5869088
2047,both,85,225.9753495
2047,both,86,203.0635994
2047,both,87,181.3630943
2047,both,88,151.3209633
2047,both,89,135.1545286
2047,both,90,126.4099663
2047,both,91,108.3037349
2047,both,92,91.18672411
2047,both,93,72.9372749
2047,both,94,59.35557964
2047,both,95,53.36519941
2047,both,96,39.71946438
2047,both,97,29.8337444
2047,both,98,21.14891888
2047,both,99,14.55151991
2047,both,100,25.64905552
2048,both,40,508.4826069
2048,both,41,500.9045521
2048,both,42,498.4522079
2048,both,43,477.8800251
2048,both,44,466.9963294
2048,both,45,497.3299498
2048,both,46,480.1806709
2048,both,47,485.1438574
2048,both,48,475.6692313
2048,both,49,481.8601703
2048,both,50,463.14603
2048,both,51,490.536403
2048,both,52,482.5666855
2048,both,53,464.2345746
2048,both,54,456.1793955
2048,both,55,437.005983
2048,both,56,443.1751267
2048,both,57,459.9853907
2048,both,58,470.5958542
2048,both,59,470.4102892
2048,both,60,439.5945497
2048,both,61,438.2826332
2048,both,62,429.9245805
2048,both,63,421.2130748
2048,both,64,416.9420497
2048,both,65,417.5501393
2048,both,66,398.4807354
2048,both,67,388.5497558
2048,both,68,373.9819875
2048,both,69,357.5503421
2048,both,70,372.6938734
2048,both,71,353.9360505
2048,both,72,336.412544
2048,both,73,326.0178056
2048,both,74,317.3722141
2048,both,75,414.1146287
2048,both,76,290.764253
2048,both,77,276.6930415
2048,both,78,266.5934844
2048,both,79,266.2068804
2048,both,80,315.3148228
2048,both,81,278.6910499
2048,both,82,250.9505283
2048,both,83,228.7344761
2048,both,84,209.2395714
2048,both,85,227.5584857
2048,both,86,204.4862206
2048,both,87,182.6336863
2048,both,88,152.3810864
2048,both,89,136.101393
2048,both,90,129.8038886
2048,both,91,111.2115315
2048,both,92,93.63495401
2048,both,93,74.89553384
2048,both,94,60.94918996
2048,both,95,55.30736699
2048,both,96,41.16501048
2048,both,97,30.91951062
2048,both,98,21.91861046
2048,both,99,15.08110643
2048,both,100,27.4995073
2049,both,40,508.8282559
2049,both,41,501.2450499
2049,both,42,498.7910387
2049,both,43,478.2048715
2049,both,44,467.3137775
2049,both,45,499.8468214
2049,both,46,482.610754
2049,both,47,487.5990581
2049,both,48,478.076483
2049,both,49,484.298753
2049,both,50,464.0074016
2049,both,51,491.4487159
2049,both,52,483.4641762
2049,both,53,465.0979707
2049,both,54,457.0278103
2049,both,55,439.7006484
2049,both,56,445.9078323
2049,both,57,462.8217517
2049,both,58,473.4976414
2049,both,59,473.3109322
2049,both,60,443.9700465
2049,both,61,442.6450718
2049,both,62,434.2038273
2049,both,63,425.4056118
2049,both,64,421.0920752
2049,both,65,424.3838075
2049,both,66,405.0023119
2049,both,67,394.9088009
2049,both,68,380.102615
2049,both,69,363.4020476
2049,both,70,374.4848203
2049,both,71,355.6368584
2049,both,72,338.0291443
2049,both,73,327.5844548
2049,both,74,318.8973177
2049,both,75,412.2104476
2049,both,76,289.4272614
2049,both,77,275.4207521
2049,both,78,265.3676347
2049,both,79,264.9828085
2049,both,80,311.8167317
2049,both,81,275.5992616
2049,both,82,248.1664924
2049,both,83,226.1969042
2049,both,84,206.9182753
2049,both,85,229.152713
2049,both,86,205.9188084
2049,both,87,183.9131798
2049,both,88,153.4486365
2049,both,89,137.054891
2049,both,90,133.2889328
2049,both,91,114.1973981
2049,both,92,96.1489153
2049,both,93,76.90636916
2049,both,94,62.58558638
2049,both,95,57.32021761
2049,both,96,42.66316564
2049,both,97,32.04479211
2049,both,98,22.71631411
2049,both,99,15.62996666
2049,both,100,29.48345996
2050,both,40,509.17414
2050,both,41,501.5857791
2050,both,42,499.1300997
2050,both,43,478.5299388
2050,both,44,467.6314414
2050,both,45,502.3764304
2050,both,46,485.0531352
2050,both,47,490.0666839
2050,both,48,480.4959173
2050,both,49,486.7496767
2050,both,50,464.8703752
2050,both,51,492.3627256
2050,both,52,484.363336
2050,both,53,465.9629725
2050,both,54,457.8778031
2050,both,55,442.4119297
2050,both,56,448.6573883
2050,both,57,465.6756022
2050,both,58,476.4173216
2050,both,59,476.2294611
2050,both,60,448.3890946
2050,both,61,447.0509318
2050,both,62,438.5256676
2050,both,63,429.6398792
2050,both,64,425.2834078
2050,both,65,431.3293163
2050,both,66,411.6306211
2050,both,67,401.3719187
2050,both,68,386.3234132
2050,both,69,369.3495227
2050,both,70,376.2843734
2050,both,71,357.3458393
2050,both,72,339.6535129
2050,both,73,329.1586324
2050,both,74,320.4297501
2050,both,75,410.3150223
2050,both,76,288.0964175
2050,both,77,274.1543129
2050,both,78,264.1474218
2050,both,79,263.764365
2050,both,80,308.3574483
2050,both,81,272.5417735
2050,both,82,245.4133424
2050,both,83,223.6874841
2050,both,84,204.6227315
2050,both,85,230.7581091
2050,both,86,207.3614326
2050,both,87,185.2016372
2050,both,88,154.5236656
2050,both,89,138.015069
2050,both,90,136.8675453
2050,both,91,117.2634309
2050,both,92,98.73037276
2050,both,93,78.97119246
2050,both,94,64.26591765
2050,both,95,59.40632371
2050,both,96,44.2158445
2050,both,97,33.21102698
2050,both,98,23.54304931
2050,both,99,16.19880206
2050,both,100,31.61054494
2051,both,40,505.6678761
2051,both,41,498.13177
2051,both,42,495.6930009
2051,both,43,475.2346964
2051,both,44,464.4112479
2051,both,45,502.8122718
2051,both,46,485.4739476
2051,both,47,490.491846
2051,both,48,480.9127761
2051,both,49,487.171961
2051,both,50,467.3134578
2051,both,51,494.9502917
2051,both,52,486.9088621
2051,both,53,468.4117972
2051,both,54,460.2841369
2051,both,55,443.3964902
2051,both,56,449.6558477
2051,both,57,466.7119346
2051,both,58,477.4775591
2051,both,59,477.2892805
2051,both,60,451.3428916
2051,both,61,449.9959135
2051,both,62,441.4144885
2051,both,63,432.4701643
2051,both,64,428.0849944
2051,both,65,435.8809296
2051,both,66,415.9743634
2051,both,67,405.6074057
2051,both,68,390.4001005
2051,both,69,373.2470926
2051,both,70,382.6711125
2051,both,71,363.4111315
2051,both,72,345.4185102
2051,both,73,334.7454983
2051,both,74,325.8684591
2051,both,75,412.7403104
2051,both,76,289.7992964
2051,both,77,275.7747829
2051,both,78,265.7087431
2051,both,79,265.3234221
2051,both,80,307.221474
2051,both,81,271.5377425
2051,both,82,244.5092512
2051,both,83,222.8634299
2051,both,84,203.868911
2051,both,85,228.6503315
2051,both,86,205.4673636
2051,both,87,183.5099789
2051,both,88,153.1122243
2051,both,89,136.7544196
2051,both,90,138.1284985
2051,both,91,118.3437725
2051,both,92,99.63997027
2051,both,93,79.69874972
2051,both,94,64.85799602
2051,both,95,61.19704078
2051,both,96,45.54866671
2051,both,97,34.21212499
2051,both,98,24.25272023
2051,both,99,16.68709135
2051,both,100,32.96012689
2052,both,40,502.1857569
2052,both,41,494.7015458
2052,both,42,492.2795705
2052,both,43,471.9621455
2052,both,44,461.2132293
2052,both,45,503.2484914
2052,both,46,485.8951252
2052,both,47,490.9173768
2052,both,48,481.3299966
2052,both,49,487.5946117
2052,both,50,469.7693798
2052,both,51,497.5514565
2052,both,52,489.4677659
2052,both,53,470.8734914
2052,both,54,462.703117
2052,both,55,444.3832418
2052,both,56,450.6565292
2052,both,57,467.7505734
2052,both,58,478.5401561
2052,both,59,478.3514584
2052,both,60,454.316147
2052,both,61,452.9602956
2052,both,62,444.3223398
2052,both,63,435.3190942
2052,both,64,430.9050366
2052,both,65,440.4805738
2052,both,66,420.3639431
2052,both,67,409.8875879
2052,both,68,394.5198072
2052,both,69,377.1857917
2052,both,70,389.1662549
2052,both,71,369.5793709
2052,both,72,351.2813577
2052,both,73,340.427191
2052,both,74,331.3994803
2052,both,75,415.1799338
2052,both,76,291.5122407
2052,both,77,277.4048311
2052,both,78,267.279293
2052,both,79,266.8916945
2052,both,80,306.0896846
2052,both,81,270.5374102
2052,both,82,243.6084907
2052,both,83,222.0424116
2052,both,84,203.1178676
2052,both,85,226.5618066
2052,both,86,203.5905953
2052,both,87,181.8337725
2052,both,88,151.7136753
2052,both,89,135.5052851
2052,both,90,139.4010688
2052,both,91,119.4340671
2052,both,92,100.5579478
2052,both,93,80.43300992
2052,both,94,65.45552918
2052,both,95,63.0417364
2052,both,96,46.92166489
2052,both,97,35.24339965
2052,both,98,24.98378314
2052,both,99,17.1900994
2052,both,100,34.36732794
2053,both,40,498.7276163
2053,both,41,491.2949428
2053,both,42,488.8896456
2053,both,43,468.7121301
2053,both,44,458.0372328
2053,both,45,503.6850894
2053,both,46,486.3166681
2053,both,47,491.3432769
2053,both,48,481.747579
2053,both,49,488.0176291
2053,both,50,472.2382087
2053,both,51,500.1662915
2053,both,52,492.0401178
2053,both,53,473.3481228
2053,both,54,465.1348098
2053,both,55,445.3721894
2053,both,56,451.6594376
2053,both,57,468.7915235
2053,both,58,479.6051178
2053,both,59,479.4160002
2053,both,60,457.3089889
2053,both,61,455.9442057
2053,both,62,447.2493467
2053,both,63,438.1867916
2053,both,64,433.743656
2053,both,65,445.1287558
2053,both,66,424.7998439
2053,both,67,414.2129367
2053,both,68,398.6829872
2053,both,69,381.166054
2053,both,70,395.7716404
2053,both,71,375.8523049
2053,both,72,357.2437164
2053,both,73,346.2053201
2053,both,74,337.0243805
2053,both,75,417.6339773
2053,both,76,293.2353098
2053,both,77,279.0445142
2053,both,78,268.8591261
2053,both,79,268.4692366
2053,both,80,304.9620646
2053,both,81,269.5407631
2053,both,82,242.7110484
2053,both,83,221.2244178
2053,both,84,202.3695909
2053,both,85,224.4923586
2053,both,86,201.7309696
2053,both,87,180.1728768
2053,both,88,150.3279009
2053,both,89,134.2675605
2053,both,90,140.6853632
2053,both,91,120.5344066
2053,both,92,101.4843827
2053,both,93,81.17403483
2053,both,94,66.05856738
2053,both,95,64.94203769
2053,both,96,48.33605011
2053,both,97,36.30576058
2053,both,98,25.73688288
2053,both,99,17.7082699
2053,both,100,35.83460809
2054,both,40,495.293289
2054,both,41,487.9117982
2054,both,42,485.5230644
2054,both,43,465.4844948
2054,both,44,454.8831067
2054,both,45,504.1220662
2054,both,46,486.7385768
2054,both,47,491.7695464
2054,both,48,482.1655237
2054,both,49,488.4410134
2054,both,50,474.7200122
2054,both,51,502.7948685
2054,both,52,494.6259884
2054,both,53,475.8357595
2054,both,54,467.5792821
2054,both,55,446.3633379
2054,both,56,452.6645779
2054,both,57,469.8347902
2054,both,58,480.6724495
2054,both,59,480.482911
2054,both,60,460.3215463
2054,both,61,458.9477726
2054,both,62,450.1956355
2054,both,63,441.0733801
2054,both,64,436.6009751
2054,both,65,449.825988
2054,both,66,429.2825547
2054,both,67,418.5839289
2054,both,68,402.8900992
2054,both,69,385.1883182
2054,both,70,402.4891403
2054,both,71,382.2317105
2054,both,72,363.3072753
2054,both,73,352.0815223
2054,both,74,342.7447531
2054,both,75,420.1025261
2054,both,76,294.9685636
2054,both,77,280.6938892
2054,both,78,270.4482973
2054,both,79,270.0561033
2054,both,80,303.8385987
2054,both,81,268.5477877
2054,both,82,241.8169124
2054,both,83,220.4094374
2054,both,84,201.6240709
2054,both,85,222.4418133
2054,both,86,199.8883301
2054,both,87,178.527152
2054,both,88,148.9547844
2054,both,89,133.0411414
2054,both,90,141.9814897
2054,both,91,121.6448835
2054,both,92,102.4193527
2054,both,93,81.92188676
2054,both,94,66.66716133
2054,both,95,66.89962078
2054,both,96,49.79306991
2054,both,97,37.40014483
2054,both,98,26.51268371
2054,both,99,18.24205989
2054,both,100,37.36453236
2055,both,40,491.8826111
2055,both,41,484.5519506
2055,both,42,482.179666
2055,both,43,462.2790856
2055,both,44,451.7507006
2055,both,45,504.5594221
2055,both,46,487.1608515
2055,both,47,492.1961858
2055,both,48,482.583831
2055,both,49,488.8647651
2055,both,50,477.2148587
2055,both,51,505.4372597
2055,both,52,497.2254489
2055,both,53,478.3364696
2055,both,54,470.0366011
2055,both,55,447.356692
2055,both,56,453.6719551
2055,both,57,470.8803787
2055,both,58,481.7421565
2055,both,59,481.5521962
2055,both,60,463.3539492
2055,both,61,461.9711256
2055,both,62,453.1613332
2055,both,63,443.9789843
2055,both,64,439.4771169
2055,both,65,454.5727878
2055,both,66,433.8125694
2055,both,67,423.0010461
2055,both,68,407.1416068
2055,both,69,389.2530274
2055,both,70,409.3206575
2055,both,71,388.7193948
2055,both,72,369.4737519
2055,both,73,358.0574623
2055,both,74,348.5622185
2055,both,75,422.5856661
2055,both,76,296.7120624
2055,both,77,282.3530132
2055,both,78,272.0468618
2055,both,79,271.6523496
2055,both,80,302.7192716
2055,both,81,267.5584703
2055,both,82,240.9260703
2055,both,83,219.5974595
2055,both,84,200.8812973
2055,both,85,220.409998
2055,both,86,198.0625215
2055,both,87,176.8964594
2055,both,88,147.59421
2055,both,89,131.8259245
2055,both,90,143.2895574
2055,both,91,122.7655911
2055,both,92,103.3629366
2055,both,93,82.6766286
2055,both,94,67.28136223
2055,both,95,68.91621237
2055,both,96,51.29400945
2055,both,97,38.5275177
2055,both,98,27.31186993
2055,both,99,18.79194021
2055,both,100,38.95977528
2056,both,40,489.5042456
2056,both,41,482.2090305
2056,both,42,479.8482164
2056,both,43,460.0438599
2056,both,44,449.566382
2056,both,45,501.1950586
2056,both,46,483.9125003
2056,both,47,488.9142594
2056,both,48,479.3659991
2056,both,49,485.6050523
2056,both,50,477.7225436
2056,both,51,505.974969
2056,both,52,497.754422
2056,both,53,478.8453478
2056,both,54,470.5366494
2056,both,55,449.8228957
2056,both,56,456.1729737
2056,both,57,473.4762646
2056,both,58,484.3979215
2056,both,59,484.2069141
2056,both,60,464.5964007
2056,both,61,463.2098692
2056,both,62,454.376454
2056,both,63,445.1694832
2056,both,64,440.6555444
2056,both,65,457.7897085
2056,both,66,436.8825743
2056,both,67,425.99454
2056,both,68,410.0228666
2056,both,69,392.0076933
2056,both,70,413.9097253
2056,both,71,393.0774931
2056,both,72,373.6160791
2056,both,73,362.0717967
2056,both,74,352.4700976
2056,both,75,430.071625
2056,both,76,301.968214
2056,both,77,287.3547992
2056,both,78,276.8660779
2056,both,79,276.464577
2056,both,80,304.9980508
2056,both,81,269.5725695
2056,both,82,242.7396889
2056,both,83,221.2505227
2056,both,84,202.393471
2056,both,85,219.8829245
2056,both,86,197.5888883
2056,both,87,176.4734413
2056,both,88,147.2412633
2056,both,89,131.510685
2056,both,90,142.3951164
2056,both,91,121.9992647
2056,both,92,102.7177253
2056,both,93,82.16054517
2056,both,94,66.86137901
2056,both,95,69.76089477
2056,both,96,51.92270255
2056,both,97,38.99973628
2056,both,98,27.64662216
2056,both,99,19.02226658
2056,both,100,40.26793691
2057,both,40,487.13738
2057,both,41,479.8774389
2057,both,42,477.5280399
2057,both,43,457.819442
2057,both,44,447.3926252
2057,both,45,497.8531284
2057,both,46,480.6858089
2057,both,47,485.6542166
2057,both,48,476.1696234
2057,both,49,482.3670751
2057,both,50,478.2307686
2057,both,51,506.5132503
2057,both,52,498.2839579
2057,both,53,479.3547673
2057,both,54,471.0372297
2057,both,55,452.3026952
2057,both,56,458.6877801
2057,both,57,476.0864611
2057,both,58,487.0683274
2057,both,59,486.8762669
2057,both,60,465.8421838
2057,both,61,464.4519344
2057,both,62,455.5948329
2057,both,63,446.3631743
2057,both,64,441.8371317
2057,both,65,461.0293948
2057,both,66,439.9743049
2057,both,67,429.0092182
2057,both,68,412.9245165
2057,both,69,394.7818534
2057,both,70,418.5502431
2057,both,71,397.4844519
2057,both,72,377.8048477
2057,both,73,366.1311374
2057,both,74,356.4217897
2057,both,75,437.6901951
2057,both,76,307.3174764
2057,both,77,292.4451901
2057,both,78,281.7706647
2057,both,79,281.3620514
2057,both,80,307.2939839
2057,both,81,271.6018304
2057,both,82,244.5669599
2057,both,83,222.9160298
2057,both,84,203.9170278
2057,both,85,219.3571115
2057,both,86,197.1163877
2057,both,87,176.0514347
2057,both,88,146.8891606
2057,both,89,131.1961993
2057,both,90,141.5062586
2057,both,91,121.2377218
2057,both,92,102.0765414
2057,both,93,81.64768322
2057,both,94,66.44401741
2057,both,95,70.61593016
2057,both,96,52.55910132
2057,both,97,39.47774268
2057,both,98,27.98547734
2057,both,99,19.25541598
2057,both,100,41.62002299
2058,both,40,484.7819587
2058,both,41,477.5571211
2058,both,42,475.219082
2058,both,43,455.6057797
2058,both,44,445.2293789
2058,both,45,494.5334819
2058,both,46,477.4806328
2058,both,47,482.4159116
2058,both,48,472.9945608
2058,both,49,479.1506884
2058,both,50,478.7395343
2058,both,51,507.0521043
2058,both,52,498.8140572
2058,both,53,479.8647287
2058,both,54,471.5383426
2058,both,55,454.7961653
2058,both,56,461.2164502
2058,both,57,478.7110473
2058,both,58,489.7534548
2058,both,59,489.5603355
2058,both,60,467.0913073
2058,both,61,465.69733
2058,both,62,456.8164789
2058,both,63,447.5600662
2058,both,64,443.0218873
2058,both,65,464.2920077
2058,both,66,443.0879152
2058,both,67,432.0452307
2058,both,68,415.8467008
2058,both,69,397.5756456
2058,both,70,423.2427877
2058,both,71,401.940819
2058,both,72,382.0405784
2058,both,73,370.2359892
2058,both,74,360.4177858
2058,both,75,445.4437255
2058,both,76,312.7614992
2058,both,77,297.6257555
2058,both,78,286.7621346
2058,both,79,286.3462828
2058,both,80,309.6072001
2058,both,81,273.6463668
2058,both,82,246.407986
2058,both,83,224.5940743
2058,both,84,205.4520536
2058,both,85,218.8325559
2058,both,86,196.645017
2058,both,87,175.6304374
2058,both,88,146.5378999
2058,both,89,130.8824657
2058,both,90,140.6229493
2058,both,91,120.4809326
2058,both,92,101.43936
2058,both,93,81.13802266
2058,both,94,66.02926106
2058,both,95,71.48144541
2058,both,96,53.20330022
2058,both,97,39.96160785
2058,both,98,28.32848574
2058,both,99,19.49142302
2058,both,100,43.01750838
2059,both,40,482.4379264
2059,both,41,475.2480226
2059,both,42,472.9212885
2059,both,43,453.402821
2059,both,44,443.0765925
2059,both,45,491.2359706
2059,both,46,474.2968286
2059,both,47,479.1991993
2059,both,48,469.8406694
2059,both,49,475.9557484
2059,both,50,479.2488412
2059,both,51,507.5915316
2059,both,52,499.3447204
2059,both,53,480.3752327
2059,both,54,472.0399885
2059,both,55,457.3033816
2059,both,56,463.7590604
2059,both,57,481.3501023
2059,both,58,492.4533848
2059,both,59,492.2592009
2059,both,60,468.3437803
2059,both,61,466.9460652
2059,both,62,458.0414006
2059,both,63,448.7601675
2059,both,64,444.2098198
2059,both,65,467.5777095
2059,both,66,446.2235598
2059,both,67,435.1027285
2059,both,68,418.7895648
2059,both,69,400.389209
2059,both,70,427.9879424
2059,both,71,406.4471483
2059,both,72,386.3237977
2059,both,73,374.3868622
2059,both,74,364.4585827
2059,both,75,453.3346071
2059,both,76,318.301961
2059,both,77,302.8980928
2059,both,78,291.8420266
2059,both,79,291.4188082
2059,both,80,311.9378295
2059,both,81,275.7062939
2059,both,82,248.2628708
2059,both,83,226.2847506
2059,both,84,206.9986345
2059,both,85,218.3092547
2059,both,86,196.1747735
2059,both,87,175.2104467
2059,both,88,146.1874792
2059,both,89,130.5694823
2059,both,90,139.7451538
2059,both,91,119.7288674
2059,both,92,100.806156
2059,both,93,80.6315435
2059,both,94,65.6170937
2059,both,95,72.357569
2059,both,96,53.85539484
2059,both,97,40.45140358
2059,both,98,28.67569829
2059,both,99,19.73032271
2059,both,100,44.46191748
2060,both,40,480.1052281
2060,both,41,472.9500891
2060,both,42,470.6346053
2060,both,43,451.210514
2060,both,44,440.9342153
2060,both,45,487.9604469
2060,both,46,471.1342537
2060,both,47,476.0039358
2060,both,48,466.7078078
2060,both,49,472.782112
2060,both,50,479.75869
2060,both,51,508.1315327
2060,both,52,499.8759482
2060,both,53,480.8862797
2060,both,54,472.5421681
2060,both,55,459.8244197
2060,both,56,466.3156877
2060,both,57,484.0037061
2060,both,58,495.1681991
2060,both,59,494.9729447
2060,both,60,469.5996117
2060,both,61,468.1981487
2060,both,62,459.2696069
2060,both,63,449.9634868
2060,both,64,445.4009377
2060,both,65,470.8866635
2060,both,66,449.3813948
2060,both,67,438.1818635
2060,both,68,421.7532549
2060,both,69,403.2226835
2060,both,70,432.7862971
2060,both,71,411.004
2060,both,72,390.6550379
2060,both,73,378.5842724
2060,both,74,368.5446828
2060,both,75,461.3652729
2060,both,76,323.9405702
2060,both,77,308.2638278
2060,both,78,297.0119072
2060,both,79,296.5811916
2060,both,80,314.2860032
2060,both,81,277.7817276
2060,both,82,250.1317187
2060,both,83,227.9881538
2060,both,84,208.5568577
2060,both,85,217.7872048
2060,both,86,195.7056546
2060,both,87,174.7914604
2060,both,88,145.8378964
2060,both,89,130.2572474
2060,both,90,138.8728376
2060,both,91,118.9814968
2060,both,92,100.1769046
2060,both,93,80.12822588
2060,both,94,65.20749916
2060,both,95,73.24443093
2060,both,96,54.51548196
2060,both,97,40.94720258
2060,both,98,29.02716649
2060,both,99,19.97215052
2060,both,100,45.95482584
2061,both,40,477.5861209
2061,both,41,470.4685249
2061,both,42,468.1651904
2061,both,43,448.8430171
2061,both,44,438.620638
2061,both,45,485.6737462
2061,both,46,468.9264046
2061,both,47,473.7732662
2061,both,48,464.5207022
2061,both,49,470.5665406
2061,both,50,476.6583932
2061,both,51,504.847885
2061,both,52,496.6456497
2061,both,53,477.7786963
2061,both,54,469.488506
2061,both,55,460.4346401
2061,both,56,466.9345225
2061,both,57,484.6460142
2061,both,58,495.8253233
2061,both,59,495.6298098
2061,both,60,472.3459002
2061,both,61,470.9362413
2061,both,62,461.9554841
2061,both,63,452.5949404
2061,both,64,448.0057088
2061,both,65,472.4189821
2061,both,66,450.8437328
2061,both,67,439.607757
2061,both,68,423.1256878
2061,both,69,404.5348158
2061,both,70,436.0810829
2061,both,71,414.132958
2061,both,72,393.6290801
2061,both,73,381.4664202
2061,both,74,371.3503996
2061,both,75,466.924981
2061,both,76,327.8442342
2061,both,77,311.9785784
2061,both,78,300.5910659
2061,both,79,300.1551599
2061,both,80,320.1467333
2061,both,81,282.9617347
2061,both,82,254.7961151
2061,both,83,232.2396222
2061,both,84,212.445976
2061,both,85,219.9470834
2061,both,86,197.646542
2061,both,87,176.5249338
2061,both,88,147.2842263
2061,both,89,131.5490581
2061,both,90,138.7864264
2061,both,91,118.9074626
2061,both,92,100.1145712
2061,both,93,80.07836749
2061,both,94,65.16692494
2061,both,95,73.07293945
2061,both,96,54.38784167
2061,both,97,40.85133049
2061,both,98,28.95920349
2061,both,99,19.92538855
2061,both,100,46.67563395
2062,both,40,475.0802315
2062,both,41,467.9999814
2062,both,42,465.7087325
2062,both,43,446.4879425
2062,both,44,436.3192
2062,both,45,483.3977615
2062,both,46,466.728902
2062,both,47,471.55305
2062,both,48,462.3438458
2062,both,49,468.361352
2062,both,50,473.5781312
2062,both,51,501.5854568
2062,both,52,493.436226
2062,both,53,474.6911946
2062,both,54,466.4545772
2062,both,55,461.0456704
2062,both,56,467.5541785
2062,both,57,485.2891747
2062,both,58,496.4833195
2062,both,59,496.2875466
2062,both,60,475.1082495
2062,both,61,473.6903466
2062,both,62,464.6570686
2062,both,63,455.241783
2062,both,64,450.6257129
2062,both,65,473.9562871
2062,both,66,452.3108295
2062,both,67,441.0382905
2062,both,68,424.5025868
2062,both,69,405.851218
2062,both,70,439.4009518
2062,both,71,417.2857366
2062,both,72,396.6257635
2062,both,73,384.3705097
2062,both,74,374.1774762
2062,both,75,472.5516867
2062,both,76,331.7949396
2062,both,77,315.7380937
2062,both,78,304.2133554
2062,both,79,303.7721965
2062,both,80,326.1167529
2062,both,81,288.2383374
2062,both,82,259.547492
2062,both,83,236.5703711
2062,both,84,216.4076177
2062,both,85,222.1283823
2062,both,86,199.606678
2062,both,87,178.2755988
2062,both,88,148.7449
2062,both,89,132.8536801
2062,both,90,138.700069
2062,both,91,118.8334745
2062,both,92,100.0522767
2062,both,93,80.02854013
2062,both,94,65.12637596
2062,both,95,72.9018495
2062,both,96,54.26050023
2062,both,97,40.75568288
2062,both,98,28.89139961
2062,both,99,19.87873607
2062,both,100,47.40774804
2063,both,40,472.5874904
2063,both,41,465.5443903
2063,both,42,463.2651636
2063,both,43,444.1452248
2063,both,44,434.0298377
2063,both,45,481.1324426
2063,both,46,464.5416975
2063,both,47,469.3432384
2063,both,48,460.1771907
2063,both,49,466.1664974
2063,both,50,470.5177745
2063,both,51,498.3441111
2063,both,52,490.2475423
2063,both,53,471.6236451
2063,both,54,463.4402543
2063,both,55,461.6575115
2063,both,56,468.1746569
2063,both,57,485.9331887
2063,both,58,497.142189
2063,both,59,496.9461562
2063,both,60,477.8867534
2063,both,61,476.4605584
2063,both,62,467.3744524
2063,both,63,457.9041049
2063,both,64,453.2610393
2063,both,65,475.4985946
2063,both,66,453.7827002
2063,both,67,442.4734792
2063,both,68,425.8839664
2063,both,69,407.1719039
2063,both,70,442.7460948
2063,both,71,420.4625173
2063,both,72,399.6452605
2063,both,73,387.296708
2063,both,74,377.0260753
2063,both,75,478.2461973
2063,both,76,335.7932531
2063,both,77,319.5429134
2063,both,78,307.8792955
2063,both,79,307.4328204
2063,both,80,332.1981
2063,both,81,293.6133368
2063,both,82,264.3874715
2063,both,83,240.9818787
2063,both,84,220.4431351
2063,both,85,224.331314
2063,both,86,201.5862534
2063,both,87,180.0436257
2063,both,88,150.2200598
2063,both,89,134.1712406
2063,both,90,138.6137653
2063,both,91,118.7595325
2063,both,92,99.99002092
2063,both,93,79.97874378
2063,both,94,65.08585222
2063,both,95,72.73116012
2063,both,96,54.13345694
2063,both,97,40.66025921
2063,both,98,28.82375448
2063,both,99,19.83219282
2063,both,100,48.15134544
2064,both,40,470.1078287
2064,both,41,463.1016837
2064,both,42,460.834416
2064,both,43,441.8147994
2064,both,44,431.7524876
2064,both,45,478.8777396
2064,both,46,462.3647427
2064,both,47,467.1437824
2064,both,48,458.020689
2064,both,49,463.9819284
2064,both,50,467.4771944
2064,both,51,495.1237117
2064,both,52,487.0794644
2064,both,53,468.5759186
2064,both,54,460.4454106
2064,both,55,462.2701646
2064,both,56,468.7959587
2064,both,57,486.5780573
2064,both,58,497.8019328
2064,both,59,497.6056399
2064,both,60,480.6815064
2064,both,61,479.2469708
2064,both,62,470.1077279
2064,both,63,460.5819963
2064,both,64,455.9117774
2064,both,65,477.045921
2064,both,66,455.2593606
2064,both,67,443.913338
2064,both,68,427.2698411
2064,both,69,408.4968875
2064,both,70,446.1167042
2064,both,71,423.6634826
2064,both,72,402.6877448
2064,both,73,390.2451833
2064,both,74,379.8963606
2064,both,75,484.00933
2064,both,76,339.8397486
2064,both,77,323.3935832
2064,both,78,311.5894122
2064,both,79,311.1375569
2064,both,80,338.3928506
2064,both,81,299.088568
2064,both,82,269.3177057
2064,both,83,245.4756511
2064,both,84,224.5539059
2064,both,85,226.556093
2064,both,86,203.585461
2064,both,87,181.8291869
2064,both,88,151.7098493
2064,both,89,135.5018679
2064,both,90,138.5275153
2064,both,91,118.6856364
2064,both,92,99.92780389
2064,both,93,79.92897841
2064,both,94,65.04535369
2064,both,95,72.5608704
2064,both,96,54.0067111
2064,both,97,40.56505896
2064,both,98,28.75626774
2064,both,99,19.78575855
2064,both,100,48.90660627
2065,both,40,467.6411778
2065,both,41,460.671794
2065,both,42,458.4164226
2065,both,43,439.4966018
2065,both,44,429.4870868
2065,both,45,476.6336027
2065,both,46,460.1979897
2065,both,47,464.9546336
2065,both,48,455.8742933
2065,both,49,461.8075969
2065,both,50,464.4562631
2065,both,51,491.9241231
2065,both,52,483.9318594
2065,both,53,465.5478872
2065,both,54,457.4699201
2065,both,55,462.8836307
2065,both,56,469.418085
2065,both,57,487.2237818
2065,both,58,498.4625522
2065,both,59,498.2659987
2065,both,60,483.4926035
2065,both,61,482.0496785
2065,both,62,472.856988
2065,both,63,463.2755485
2065,both,64,458.5780175
2065,both,65,478.5982825
2065,both,66,456.7408262
2065,both,67,445.3578824
2065,both,68,428.6602256
2065,both,69,409.8261827
2065,both,70,449.5129739
2065,both,71,426.8888168
2065,both,72,405.7533915
2065,both,73,393.2161052
2065,both,74,382.7884974
2065,both,75,489.8419116
2065,both,76,343.9350065
2065,both,77,327.2906557
2065,both,78,315.3442379
2065,both,79,314.8869374
2065,both,80,344.7031194
2065,both,81,304.6659
2065,both,82,274.3398778
2065,both,83,250.0532222
2065,both,84,228.7413333
2065,both,85,228.802936
2065,both,86,205.6044954
2065,both,87,183.6324561
2065,both,88,153.2144136
2065,both,89,136.8456914
2065,both,90,138.441319
2065,both,91,118.6117864
2065,both,92,99.86562556
2065,both,93,79.879244
2065,both,94,65.00488036
2065,both,95,72.39097938
2065,both,96,53.88026203
2065,both,97,40.47008162
2065,both,98,28.688939
2065,both,99,19.73943299
2065,both,100,49.67371348
2066,both,40,468.7223497
2066,both,41,461.7368528
2066,both,42,459.4762671
2066,both,43,440.5127042
2066,both,44,430.4800476
2066,both,45,474.1993361
2066,both,46,457.8476632
2066,both,47,462.5800139
2066,both,48,453.5460488
2066,both,49,459.4490497
2066,both,50,462.3388774
2066,both,51,489.6815156
2066,both,52,481.7256874
2066,both,53,463.4255249
2066,both,54,455.3843841
2066,both,55,460.0161478
2066,both,56,466.5101223
2066,both,57,484.2055159
2066,both,58,495.3746641
2066,both,59,495.1793283
2066,both,60,484.2979359
2066,both,61,482.8526075
2066,both,62,473.6446051
2066,both,63,464.0472063
2066,both,64,459.3418507
2066,both,65,481.5888429
2066,both,66,459.5948085
2066,both,67,448.1407374
2066,both,68,431.338744
2066,both,69,412.387015
2066,both,70,451.281427
2066,both,71,428.568263
2066,both,72,407.3496878
2066,both,73,394.7630778
2066,both,74,384.2944462
2066,both,75,493.900742
2066,both,76,346.7848522
2066,both,77,330.0025863
2066,both,78,317.9571805
2066,both,79,317.4960908
2066,both,80,349.2700974
2066,both,81,308.7024241
2066,both,82,277.9746119
2066,both,83,253.366182
2066,both,84,231.7719315
2066,both,85,233.402078
2066,both,86,209.7373282
2066,both,87,187.3236314
2066,both,88,156.2941592
2066,both,89,139.5964112
2066,both,90,140.3140296
2066,both,91,120.2162607
2066,both,92,101.2165186
2066,both,93,80.9597791
2066,both,94,65.88420834
2066,both,95,72.52459901
2066,both,96,53.97971448
2066,both,97,40.54478149
2066,both,98,28.74189319
2066,both,99,19.77586813
2066,both,100,49.88442609
2067,both,40,469.8060211
2067,both,41,462.804374
2067,both,42,460.5385619
2067,both,43,441.5311559
2067,both,44,431.475304
2067,both,45,471.7775018
2067,both,46,455.5093402
2067,both,47,460.2175219
2067,both,48,451.2296951
2067,both,49,457.1025482
2067,both,50,460.2311446
2067,both,51,487.4491318
2067,both,52,479.5295731
2067,both,53,461.3128382
2067,both,54,453.3083557
2067,both,55,457.1664285
2067,both,56,463.620174
2067,both,57,481.2059477
2067,both,58,492.305905
2067,both,59,492.1117792
2067,both,60,485.1046097
2067,both,61,483.6568739
2067,both,62,474.4335341
2067,both,63,464.8201493
2067,both,64,460.1069563
2067,both,65,484.59809
2067,both,66,462.4666241
2067,both,67,450.9409813
2067,both,68,434.0339993
2067,both,69,414.9638488
2067,both,70,453.0568376
2067,both,71,430.2543165
2067,both,72,408.9522641
2067,both,73,396.3161365
2067,both,74,385.8063197
2067,both,75,497.9932039
2067,both,76,349.6583118
2067,both,77,332.736988
2067,both,78,320.5917739
2067,both,79,320.1268637
2067,both,80,353.8975833
2067,both,81,312.7924282
2067,both,82,281.6575026
2067,both,83,256.7230352
2067,both,84,234.842682
2067,both,85,238.0936668
2067,both,86,213.9532345
2067,both,87,191.0890025
2067,both,88,159.4358105
2067,both,89,142.4024229
2067,both,90,142.2120725
2067,both,91,121.842439
2067,both,92,102.5856853
2067,both,93,82.05493071
2067,both,94,66.77543109
2067,both,95,72.65846528
2067,both,96,54.07935051
2067,both,97,40.61961925
2067,both,98,28.79494512
2067,both,99,19.81237053
2067,both,100,50.09603253
2068,both,40,470.892198
2068,both,41,463.8743633
2068,both,42,461.6033127
2068,both,43,442.5519621
2068,both,44,432.4728615
2068,both,45,469.3680363
2068,both,46,453.1829596
2068,both,47,457.8670956
2068,both,48,448.9251715
2068,both,49,454.7680307
2068,both,50,458.1330206
2068,both,51,485.2269251
2068,both,52,477.3434704
2068,both,53,459.2097829
2068,both,54,451.2417917
2068,both,55,454.3343627
2068,both,56,460.7481283
2068,both,57,478.2249613
2068,both,58,489.2561563
2068,both,59,489.0632331
2068,both,60,485.9126272
2068,both,61,484.4624799
2068,both,62,475.2237773
2068,both,63,465.5943799
2068,both,64,460.8733363
2068,both,65,487.6261407
2068,both,66,465.3563844
2068,both,67,453.7587228
2068,both,68,436.7460961
2068,both,69,417.5567843
2068,both,70,454.8392329
2068,both,71,431.9470032
2068,both,72,410.5611452
2068,both,73,397.8753051
2068,both,74,387.3241411
2068,both,75,502.1195759
2068,both,76,352.5555808
2068,both,77,335.4940469
2068,both,78,323.2481976
2068,both,79,322.7794351
2068,both,80,358.5863789
2068,both,81,316.9366208
2068,both,82,285.389188
2068,both,83,260.1243634
2068,both,84,237.954117
2068,both,85,242.8795606
2068,both,86,218.2538843
2068,both,87,194.930061
2068,both,88,162.6406117
2068,both,89,145.2648379
2068,both,90,144.1357904
2068,both,91,123.4906147
2068,both,92,103.9733728
2068,both,93,83.16489655
2068,both,94,67.6787095
2068,both,95,72.79257864
2068,both,96,54.17917045
2068,both,97,40.69459515
2068,both,98,28.84809497
2068,both,99,19.8489403
2068,both,100,50.30853659
2069,both,40,471.9808861
2069,both,41,464.9468264
2069,both,42,462.6705252
2069,both,43,443.5751285
2069,both,44,433.4727253
2069,both,45,466.9708764
2069,both,46,450.8684603
2069,both,47,455.5286735
2069,both,48,446.6324176
2069,both,49,452.4454361
2069,both,50,456.0444616
2069,both,51,483.0148491
2069,both,52,475.1673339
2069,both,53,457.1163152
2069,both,54,449.1846488
2069,both,55,451.519841
2069,both,56,457.8938745
2069,both,57,475.2624416
2069,both,58,486.2253002
2069,both,59,486.0335722
2069,both,60,486.7219905
2069,both,61,485.2694278
2069,both,62,476.0153367
2069,both,63,466.3699
2069,both,64,461.6409928
2069,both,65,490.6731123
2069,both,66,468.2642017
2069,both,67,456.5940712
2069,both,68,439.4751397
2069,both,69,420.1659219
2069,both,70,456.6286404
2069,both,71,433.6463491
2069,both,72,412.1763559
2069,both,73,399.4406078
2069,both,74,388.8479338
2069,both,75,506.2801391
2069,both,76,355.4768566
2069,both,77,338.2739508
2069,both,78,325.9266324
2069,both,79,325.4539857
2069,both,80,363.3372964
2069,both,81,321.1357199
2069,both,82,289.1703146
2069,both,83,263.5707558
2069,both,84,241.1067755
2069,both,85,247.7616552
2069,both,86,222.640981
2069,both,87,198.8483281
2069,both,88,165.9098322
2069,both,89,148.18479
2069,both,90,146.0855307
2069,both,91,125.1610855
2069,both,92,105.3798318
2069,both,93,84.28987702
2069,both,94,68.59420666
2069,both,95,72.92693954
2069,both,96,54.27917463
2069,both,97,40.76970944
2069,both,98,28.90134293
2069,both,99,19.88557758
2069,both,100,50.52194207
2070,both,40,473.0720912
2070,both,41,466.021769
2070,both,42,463.740205
2070,both,43,444.6006604
2070,both,44,434.4749007
2070,both,45,464.5859593
2070,both,46,448.5657816
2070,both,47,453.2021941
2070,both,48,444.3513732
2070,both,49,450.1347035
2070,both,50,453.9654241
2070,both,51,480.8128577
2070,both,52,473.0011181
2070,both,53,455.0323912
2070,both,54,447.1368841
2070,both,55,448.7227548
2070,both,56,455.0573023
2070,both,57,472.3182741
2070,both,58,483.2132198
2070,both,59,483.0226795
2070,both,60,487.532702
2070,both,61,486.0777198
2070,both,62,476.8082145
2070,both,63,467.1467119
2070,both,64,462.4099279
2070,both,65,493.7391232
2070,both,66,471.1901887
2070,both,67,459.4471364
2070,both,68,442.2212359
2070,both,69,422.7913628
2070,both,70,458.4250877
2070,both,71,435.3523806
2070,both,72,413.7979211
2070,both,73,401.0120686
2070,both,74,390.3777214
2070,both,75,510.4751767
2070,both,76,358.422338
2070,both,77,341.076889
2070,both,78,328.6272607
2070,both,79,328.1506976
2070,both,80,368.1511589
2070,both,81,325.390453
2070,both,82,293.0015374
2070,both,83,267.0628096
2070,both,84,244.3012036
2070,both,85,252.7418843
2070,both,86,227.1162622
2070,both,87,202.8453559
2070,both,88,169.244767
2070,both,89,151.1634357
2070,both,90,148.0616454
2070,both,91,126.8541529
2070,both,92,106.8053161
2070,both,93,85.43007522
2070,both,94,69.52208785
2070,both,95,73.06154845
2070,both,96,54.3793634
2070,both,97,40.84496237
2070,both,98,28.95468918
2070,both,99,19.92228247
2070,both,100,50.73625281